"Reference","Qty","Value","DNP","Exclude from BOM","Exclude from Board","Footprint","Datasheet","JLCPCB"
"BT1","1","Battery_Cell","","","","","","C2902329"
"C1,C3,C11,C13","4","100nF","","","","","","C2857965"
"C2,C9,C10,C14","4","10uF","","","","","","C408132"
"C4","1","1uF","","","","","","C14445"
"C5,C6,C7","3","15pF","","","","","","C1548"
"C12","1","4.7uF","","","","","","C20624278"
"J1","1","Conn_01x04","","","","","","C5383113"
"L1","1","1uH","","","","","","C435392"
"R1,R3","2","10k","","","","","","C22356213"
"R2","1","44.8k","","","","","","C852792"
"R5","1","0","","","","","","C17477"
"R6","1","499k","","","","","","C324794"
"R7,R8","2","4.7k","","","","","","C25900"
"R9","1","330","","","","","","C12246"
"SW1","1","SW_Push","","","","","","C51978191"
"U1","1","STM32L011F4Px","","","","Package_SO:TSSOP-20_4.4x6.5mm_P0.65mm","https://www.st.com/resource/en/datasheet/stm32l011f4.pdf","C87903"
"U2","1","TPS62A01APDDC","","","","Package_TO_SOT_SMD:SOT-23-6","https://www.ti.com/lit/gpn/tps62a01a","C41730179"
"U3","1","ER_OLEDM0.91_1x-I2C","","","","Display:ER_OLEDM0.91_1x-I2C","https://www.buydisplay.com/download/manual/ER-OLEDM0.91-1_Datasheet.pdf","C5248080"
"U4","1","AHT20","","","","","","C2757850"
"Y1","1","Crystal","","","","","","C3034396"
