Ref,Val,Package,PosX,PosY,Rot,Side
"BT1","Battery_Cell","BS-24-B4AK023",103.632000,-94.996000,0.000000,bottom
"C7","15pF","C_0402_1005Metric_Pad0.74x0.62mm_HandSolder",94.488000,-79.375000,90.000000,bottom
"J1","Conn_01x04","PinHeader_1x04_P2.54mm_Vertical",110.109000,-108.585000,90.000000,bottom
"R1","10k","R_0402_1005Metric_Pad0.72x0.64mm_HandSolder",95.123000,-81.280000,180.000000,bottom
"R4","R","R_0402_1005Metric_Pad0.72x0.64mm_HandSolder",96.500500,-106.172000,0.000000,bottom
"SW1","SW_Push","Tactile_switch_4.5x4.5x5.0",89.408000,-79.756000,180.000000,bottom
"C1","100nF","C_0402_1005Metric_Pad0.74x0.62mm_HandSolder",112.776000,-95.504000,-90.000000,top
"C2","10uF","C_0402_1005Metric_Pad0.74x0.62mm_HandSolder",113.792000,-95.504000,-90.000000,top
"C3","100nF","C_0402_1005Metric_Pad0.74x0.62mm_HandSolder",103.124000,-95.504000,180.000000,top
"C4","1uF","C_0402_1005Metric_Pad0.74x0.62mm_HandSolder",103.124000,-96.520000,180.000000,top
"C5","1.5pF","C_0402_1005Metric_Pad0.74x0.62mm_HandSolder",101.219000,-91.694000,-90.000000,top
"C6","1.5pF","C_0402_1005Metric_Pad0.74x0.62mm_HandSolder",101.219000,-93.980000,90.000000,top
"C8","15pF","C_0402_1005Metric_Pad0.74x0.62mm_HandSolder",96.500500,-108.204000,180.000000,top
"C9","10uF","C_0402_1005Metric_Pad0.74x0.62mm_HandSolder",100.818500,-102.616000,180.000000,top
"C10","10uF","C_0402_1005Metric_Pad0.74x0.62mm_HandSolder",100.818500,-103.632000,180.000000,top
"C11","100nF","C_0402_1005Metric_Pad0.74x0.62mm_HandSolder",100.818500,-104.648000,180.000000,top
"C12","4.7uF","C_0402_1005Metric_Pad0.74x0.62mm_HandSolder",95.992500,-101.092000,0.000000,top
"C13","100nF","C_0402_1005Metric_Pad0.74x0.62mm_HandSolder",101.219000,-86.106000,180.000000,top
"C14","10uF","C_0402_1005Metric_Pad0.74x0.62mm_HandSolder",121.920000,-78.994000,90.000000,top
"L1","1uH","L_1008_2520Metric_Pad1.43x2.20mm_HandSolder",99.548500,-100.076000,0.000000,top
"R2","44.8k","R_0402_1005Metric_Pad0.72x0.64mm_HandSolder",96.500500,-107.188000,180.000000,top
"R3","10k","R_0402_1005Metric_Pad0.72x0.64mm_HandSolder",96.500500,-106.172000,0.000000,top
"R5","0","R_0402_1005Metric_Pad0.72x0.64mm_HandSolder",102.362000,-100.838000,-90.000000,top
"R6","499k","R_0402_1005Metric_Pad0.72x0.64mm_HandSolder",93.960500,-103.124000,-90.000000,top
"R7","4.7k","R_0402_1005Metric_Pad0.72x0.64mm_HandSolder",115.316000,-93.599000,90.000000,top
"R8","4.7k","R_0402_1005Metric_Pad0.72x0.64mm_HandSolder",113.284000,-90.551000,-90.000000,top
"R9","330","R_0402_1005Metric_Pad0.72x0.64mm_HandSolder",120.777000,-78.994000,-90.000000,top
"U1","STM32L011F4Px","TSSOP-20_4.4x6.5mm_P0.65mm",108.204000,-94.996000,0.000000,top
"U2","TPS62A01APDDC","SOT-23-6",97.008500,-103.632000,180.000000,top
"U3","HS96L03W2C03","HS96L03W2C03",103.598000,-96.788000,0.000000,top
"U4","AHT20","AHT20",118.380000,-78.248000,180.000000,top
"Y1","32.768kHz","Crystal_SMD_2012-2Pin_2.0x1.2mm_HandSoldering",102.870000,-92.837000,-90.000000,top
